{
    "titulo":"Registro de usuarios",
    "etiquetas": [
        "Fecha de nacimiento",
        "Sexo",
        "Número de cédula",
        "Número de R.I.F.",
        "Otro teléfono",
        "País de residencia",
        "Estado de residencia",
        "Ciudad de residencia",
        "Sector de residencia",
        "Dirección de residencia",
        "¿Posee vehículo?",
        "Profesión",
        "Ocupación",
        "Lugar de trabajo",
        "Dirección de trabajo",
        "E-mail del trabajo",
        "Teléfono del trabajo",
        "Estado civil",
        "Nombre de su pareja",
        "Cumpleaños de su pareja",
        "Fecha de aniversario",
        "¿Vive su padre?",
        "Nombre de su padre",
        "Cumpleaños de su padre",
        "¿Vive su madre?",
        "Nombre de su madre",
        "Cumpleaños de su madre",
        "Cantidad de hijos",
        "Hijos menores de 5 años",
        "Hijos entre 5 y 10 años",
        "Hijos entre 11 y 20 años",
        "Hijos mayores de 20 años",
        "Donde entregar",
        "Dirección para entregas"
    ],
    "campos": [
        {"nombre":"fechanacimiento","tipo":"date"},
        {"nombre":"sexo","tipo":"string"},
        {"nombre":"cedula","tipo":"string"},
        {"nombre":"rif","tipo":"string"},
        {"nombre":"otrotelef","tipo":"string"},
        {"nombre":"pais","tipo":"string"},
        {"nombre":"estado","tipo":"string"},
        {"nombre":"ciudad","tipo":"string"},
        {"nombre":"sector","tipo":"string"},
        {"nombre":"direccion","tipo":"string"},
        {"nombre":"vehiculo","tipo":"boolean"},
        {"nombre":"profesion","tipo":"string"},
        {"nombre":"ocupacion","tipo":"string"},
        {"nombre":"nombretrabajo","tipo":"string"},
        {"nombre":"direcciontrabajo","tipo":"string"},
        {"nombre":"emailtrabajo","tipo":"string"},
        {"nombre":"telefonotrabajo","tipo":"string"},
        {"nombre":"edocivil","tipo":"string"},
        {"nombre":"nombrepareja","tipo":"string"},
        {"nombre":"cumplepareja","tipo":"date"},
        {"nombre":"aniversario","tipo":"date"},
        {"nombre":"padre","tipo":"boolean"},
        {"nombre":"nombrepadre","tipo":"string"},
        {"nombre":"cumplepadre","tipo":"date"},
        {"nombre":"madre","tipo":"boolean"},
        {"nombre":"nombremadre","tipo":"string"},
        {"nombre":"cumplemadre","tipo":"date"},
        {"nombre":"hijos","tipo":"number"},
        {"nombre":"menores5","tipo":"number"},
        {"nombre":"menores10","tipo":"number"},
        {"nombre":"menores20","tipo":"number"},
        {"nombre":"mayores","tipo":"number"},
        {"nombre":"donde_entregar","tipo":"string"},
        {"nombre":"direccion_entrega","tipo":"string"},
        {"nombre":"id_proveedor","tipo":"number"},
        {"nombre":"id_socio","tipo":"number"}
    ],
    "mensajes": {
        "fallaregistro": ["Falló el registro","Comuniquese por Whatsapp al +584244071820."],
        "exitoregistro": ["Registro exitoso","Recibirá un email con un cupón de bienvenida."],
        "yaregistrado": ["El socio ya esta registrado","Para cualquier cambio comuniquese","por Whatsapp al +584244071820."],
        "socioinactivo": ["El socio ya esta registrado","Pero tiene status INACTIVO","Comuniquese por Whatsapp al +584244071820."],
        "sociosuspendido": ["El socio ya esta registrado","Pero tiene status SUSPENDIDO","Comuniquese por Whatsapp al +584244071820."],
        "socionoexiste": ["Falló el registro","El socio no ha registrado su primera compra."]
    }
}